Kunta,Esityslistat,Pöytäkirjat,Viranhaltijapäätökset,Kuulutukset,Kaavat
Enontekiö,https://enontekio.cloudnc.fi/fi-FI,https://enontekio.cloudnc.fi/fi-FI,https://enontekio.cloudnc.fi/fi-FI/Viranhaltijat,https://enontekio.cloudnc.fi/fi-FI/Kuulutukset,https://enontekio.cloudnc.fi/fi-FI/Kaavat
Inari,https://inari.oncloudos.com/cgi/DREQUEST.PHP?page=meeting_frames,https://inari.oncloudos.com/cgi/DREQUEST.PHP?page=meeting_frames,https://inari.oncloudos.com/cgi/DREQUEST.PHP?page=official_frames#,https://inari.oncloudos.com/cgi/DREQUEST.PHP?alo=1&page=announcement_search&tzo=-180,https://inari.oncloudos.com/cgi/DREQUEST.PHP?alo=1&page=announcement_search&tzo=-180
Kemi,https://kemi.oncloudos.com/cgi/DREQUEST.PHP?page=meeting_frames,https://kemi.oncloudos.com/cgi/DREQUEST.PHP?page=meeting_frames,https://kemi.oncloudos.com/cgi/DREQUEST.PHP?alo=1&page=announcement_search&tzo=-120,https://kemi.oncloudos.com/cgi/DREQUEST.PHP?alo=1&page=announcement_search&tzo=-120,https://www.kemi.fi/asuminen-ja-ymparisto/rakentaminen-ja-ymparisto/kaavoitus/vireilla/
Kemijärvi,https://kemijarvi.oncloudos.com/cgi/DREQUEST.PHP?page=meeting_frames,https://kemijarvi.oncloudos.com/cgi/DREQUEST.PHP?page=meeting_frames,https://kemijarvi.oncloudos.com/cgi/DREQUEST.PHP?page=official_frames,https://kemijarvi.oncloudos.com/cgi/DREQUEST.PHP?alo=1&page=announcement_search&tzo=-120,https://kemijarvi.oncloudos.com/cgi/DREQUEST.PHP?alo=1&page=announcement_search&tzo=-120
Keminmaa,https://keminmaa.tweb.fi/ktwebscr/epj_tek_tweb.htm,https://keminmaa.tweb.fi/ktwebscr/pk_tek_tweb.htm,https://keminmaa.tweb.fi/ktwebscr/vparhaku_tweb.htm,https://keminmaa.tweb.fi/ktwebscr/kuullist_tweb.htm,
Kittilä,https://dynasty10.kittila.fi/cgi/DREQUEST.PHP?page=meeting_frames,https://dynasty10.kittila.fi/cgi/DREQUEST.PHP?page=meeting_frames,https://dynasty10.kittila.fi/cgi/DREQUEST.PHP?page=official_frames,https://dynasty10.kittila.fi/cgi/DREQUEST.PHP?alo=1&page=announcement_search&tzo=-120,
Kolari,https://kolari.tweb.fi/ktwebscr/epj_tek_tweb.htm,https://kolari.tweb.fi/ktwebscr/pk_tek_tweb.htm,https://kolari.tweb.fi/ktwebscr/vparhaku_tweb.htm,https://kolari.tweb.fi/ktwebscr/kuullist_tweb.htm,
Muonio,https://muonio.cloudnc.fi/fi-FI,https://muonio.cloudnc.fi/fi-FI,https://muonio.cloudnc.fi/fi-FI/Viranhaltijat,https://muonio.cloudnc.fi/fi-FI/Kuulutukset,
Pello,https://pello-julkaisu.triplancloud.fi/ktwebscr/epj_tek_tweb.htm,https://pello-julkaisu.triplancloud.fi/ktwebscr/pk_tek_tweb.htm,https://pello-julkaisu.triplancloud.fi/ktwebscr/vparhaku_tweb.htm,https://pello-julkaisu.triplancloud.fi/ktwebscr/kuullist_tweb.htm,
Pelkosenniemi,https://paatoksetd10.pelkosenniemi.fi/cgi/DREQUEST.PHP?page=meeting_handlers&id=,https://paatoksetd10.pelkosenniemi.fi/cgi/DREQUEST.PHP?page=meeting_handlers&id=,https://paatoksetd10.pelkosenniemi.fi/cgi/DREQUEST.PHP?page=official_frames,https://pelkosenniemi.fi/kuulutukset/,
Posio,https://posio.tweb.fi/ktwebbin/dbisa.dll/ktwebscr/epj_tek_tweb.htm,https://posio.tweb.fi/ktwebscr/pk_tek_tweb.htm,https://posio.tweb.fi/ktwebscr/vparhaku_tweb.htm,https://posio.tweb.fi/ktwebscr/kuullist_tweb.htm,https://www.posio.fi/rakentaminen-ymparisto/kaavoitus-maankaytto/valmisteilla-olevat-kaavat/
Ranua,https://paatoksetd10.ranua.fi/cgi/DREQUEST.PHP?page=meeting_frames&_gl=1*302zwv*_gcl_au*MjQ3NDA2NzcxLjE3NjU3MjcyMjY.,https://paatoksetd10.ranua.fi/cgi/DREQUEST.PHP?page=meeting_frames&_gl=1*302zwv*_gcl_au*MjQ3NDA2NzcxLjE3NjU3MjcyMjY.,https://paatoksetd10.ranua.fi/cgi/DREQUEST.PHP?page=official_frames&_gl=1*302zwv*_gcl_au*MjQ3NDA2NzcxLjE3NjU3MjcyMjY.,https://ranua.fi/ajankohtaista/?cat=kuulutukset&pg=1,https://ranua.fi/ajankohtaista/?cat=kuulutukset&pg=1
Rovaniemi,https://rovaniemi.cloudnc.fi/fi-FI,https://rovaniemi.cloudnc.fi/fi-FI,https://rovaniemi.cloudnc.fi/fi-FI/Viranhaltijat,https://rovaniemi.cloudnc.fi/fi-FI/Kuulutukset,https://www.rovaniemi.fi/Asuminen-ja-ymparisto/Kaavoitus-ja-maankaytto/Kaavatori
Salla,http://salla.tweb.fi/ktwebbin/dbisa.dll/ktwebscr/epj_tek_tweb.htm,http://salla.tweb.fi/ktwebbin/dbisa.dll/ktwebscr/pk_tek_tweb.htm,http://salla.tweb.fi/ktwebbin/dbisa.dll/ktwebscr/vparhaku_tweb.htm,http://salla.tweb.fi/ktwebbin/dbisa.dll/ktwebscr/kuullist_tweb.htm,https://www.salla.fi/palvelut/asuminen-rakentaminen-ja-ymparisto/kaavoitus/
Savukoski,https://paatoksetd10.savukoski.fi/cgi/DREQUEST.PHP?page=meeting_frames,https://paatoksetd10.savukoski.fi/cgi/DREQUEST.PHP?page=meeting_frames,https://paatoksetd10.savukoski.fi/cgi/DREQUEST.PHP?page=official_frames,https://paatoksetd10.savukoski.fi/cgi/DREQUEST.PHP?alo=1&page=announcement_search&tzo=-120,
Simo,https://simo.oncloudos.com/cgi/DREQUEST.PHP?page=meeting_frames,https://simo.oncloudos.com/cgi/DREQUEST.PHP?page=meeting_frames,https://simo.oncloudos.com/cgi/DREQUEST.PHP?page=official_frames,https://www.simo.fi/kunta-ja-hallinto/ajankohtaista/?filter_news-category=224,
Sodankylä,https://sodankyla.tweb.fi/ktwebscr/epj_tek_tweb.htm,https://sodankyla.tweb.fi/ktwebscr/pk_tek_tweb.htm,https://sodankyla.tweb.fi/ktwebscr/vparhaku_tweb.htm,https://sodankyla.tweb.fi/ktwebscr/kuullist_tweb.htm,https://www.sodankyla.fi/asuminen-ja-ymparisto/kaavoitus-ja-mittaus/kaavat/vireilla-olevat-kaavat/
Tervola,http://tervola.ktweb.fi/ktwebbin/dbisa.dll/ktwebscr/epj_tek.htm,http://tervola.ktweb.fi/ktwebbin/dbisa.dll/ktwebscr/pk_tek.htm,https://tervola.fi/osallistuminen-ja-paatoksenteko/paatoksenteko/viranhaltijapaatokset/,https://tervola.fi/kuulutukset/,
Tornio,https://tornio.oncloudos.com/cgi/DREQUEST.PHP?page=meeting_frames,https://tornio.oncloudos.com/cgi/DREQUEST.PHP?page=meeting_frames,https://tornio.oncloudos.com/cgi/DREQUEST.PHP?page=official_frames,https://www.tornio.fi/uutiskategoria/kuulutukset/?article_search_q=&category=kuulutukset,
Utsjoki,https://www.utsjoki.fi/kunta-ja-paatoksenteko/paatoksenteko/esityslistat-ja-poytakirjat/,https://www.utsjoki.fi/kunta-ja-paatoksenteko/paatoksenteko/esityslistat-ja-poytakirjat/,https://www.utsjoki.fi/kunta-ja-paatoksenteko/paatoksenteko/viranhaltijapaatokset/,,
Ylitornio,https://ylitornio.tweb.fi/ktwebscr/epj_tek_tweb.htm,https://ylitornio.tweb.fi/ktwebscr/pk_tek_tweb.htm,https://ylitornio.tweb.fi/ktwebscr/vparhaku_tweb.htm,https://ylitornio.tweb.fi/ktwebscr/kuullist_tweb.htm,
Lapin Liitto,https://lapinliittod10.oncloudos.com/cgi/DREQUEST.PHP?page=meeting_handlers&id=,https://lapinliittod10.oncloudos.com/cgi/DREQUEST.PHP?page=meeting_handlers&id=,https://lapinliittod10.oncloudos.com/cgi/DREQUEST.PHP?page=official_handlers&id=,https://www.lapinliitto.fi/arkisto/ajankohtaista/kuulutus/,
Lapin ELY-keskus,,,https://www.ely-keskus.fi/-/lap-kuulutukset,https://www.ely-keskus.fi/-/lap-kuulutukset,
Lapin hyvinvointialue,https://lapha-julkaisu.tweb.fi/ktwebscr/epj_tek_tweb.htm,https://lapha-julkaisu.tweb.fi/ktwebscr/pk_tek_tweb.htm,https://lapha-julkaisu.tweb.fi/ktwebscr/vparhaku_tweb.htm,https://lapha-julkaisu.tweb.fi/ktwebscr/kuullist_tweb.htm,